test_failed,files_modified
 TC001, Class 4
 TC001, Class 3
 TC001, Class 8
 TC001, Class 10
 TC002, Class 5
 TC002, Class 4
 TC002, Class 2
 TC003, Class 7
 TC003, Class 6
 TC003, Class 2
 TC004, Class 3
 TC004, Class 7
 TC004, Class 1
 TC005, Class 10
 TC005, Class 4
 TC005, Class 8
 TC006, Class 9
 TC006, Class 2
 TC006, Class 5
 TC007, Class 6
 TC007, Class 10
 TC007, Class 9
 TC008, Class 1
 TC008, Class 8
 TC008, Class 5
 TC009, Class 6
 TC009, Class 3
 TC009, Class 9
 TC010, Class 1
 TC010, Class 2
 TC010, Class 7
 TC010, Class 10
 TC011,Class 11
TC011,Class 2
TC012,Class 4
TC012,Class 1
TC012,Class 2
TC013,Class 4
TC013,Class 5
TC013,Class 3
TC014,Class 1
TC014,Class 12
TC014,Class 9
TC014,Class 3
TC014,Class 1
TC015,Class 2
TC015,Class 1
TC015,Class 4
TC015,Class 5
TC015,Class 8
TC016,Class 7
TC016,Class 8
TC016,Class 9
TC016,Class 10
TC016,Class 5
TC017,Class 12
TC017,Class 5
TC017,Class 9
TC017,Class 1
TC018,Class 11
TC018,Class 7
TC018,Class 6
TC018,Class 10
TC018,Class 2
