"Prompt,Selenium Script"
"Open Chrome browser and navigate to 'https://www.example.com',ChromeDriver\ndriver.get('https://www.example.com')"
"Click on a link with text 'Learn More' using Chrome,driver.find_element_by_link_text('Learn More').click()"
"Fill in the 'email' field with 'test@example.com' in Chrome,driver.find_element_by_name('email').send_keys('test@example.com')"
"Open Firefox browser and navigate to 'https://www.example.com',GeckoDriver\ndriver.get('https://www.example.com')"
"Select the option with value '3' from the dropdown in Firefox,dropdown = Select(driver.find_element_by_tag_name('select'))\ndropdown.select_by_value('3')"
"Scroll down by 300 pixels in Firefox,driver.execute_script('window.scrollBy(0, 300)')"
"Open Edge browser and navigate to 'https://www.example.com',EdgeDriver\ndriver.get('https://www.example.com')"
"Fill in the 'password' field with 'securepass' in Edge,driver.find_element_by_name('password').send_keys('securepass')"
"Click the first radio button in Edge,driver.find_elements_by_name('radio')[0].click()"
"Open Chrome browser and navigate to 'https://www.example.com',ChromeDriver\ndriver.get('https://www.example.com')"
"Take a screenshot of the current page using Chrome,driver.save_screenshot('screenshot.png')"
"Open Firefox browser and navigate to 'https://www.example.com',GeckoDriver\ndriver.get('https://www.example.com')"
"Fill in the 'last_name' field with 'Johnson' in Firefox,driver.find_element_by_name('last_name').send_keys('Johnson')"
"Open Edge browser and navigate to 'https://www.example.com',EdgeDriver\ndriver.get('https://www.example.com')"
"Maximize the Edge browser window,driver.maximize_window()"
"Open Chrome browser and navigate to 'https://www.example.com',ChromeDriver\ndriver.get('https://www.example.com')"
"Click on a button with class 'cta-button' in Chrome,driver.find_element_by_class_name('cta-button').click()"
"Open Firefox browser and navigate to 'https://www.example.com',GeckoDriver\ndriver.get('https://www.example.com')"
"Scroll to the element with id 'footer' in Firefox,footer_element = driver.find_element_by_id('footer')\ndriver.execute_script(""arguments[0].scrollIntoView();"", footer_element)"
"Open Edge browser and navigate to 'https://www.example.com',EdgeDriver\ndriver.get('https://www.example.com')"
"Close the Edge browser,driver.quit()"

"Open Firefox browser and navigate to 'https://www.example.com',GeckoDriver\ndriver.get('https://www.example.com')"
"Click on a link with text 'Contact Us' using Firefox,driver.find_element_by_link_text('Contact Us').click()"
"Fill in the 'phone' field with '123-456-7890' in Firefox,driver.find_element_by_name('phone').send_keys('123-456-7890')"
"Open Edge browser and navigate to 'https://www.example.com',EdgeDriver\ndriver.get('https://www.example.com')"
"Scroll down by 150 pixels in Edge,driver.execute_script('window.scrollBy(0, 150)')"
"Open Chrome browser and navigate to 'https://www.example.com',ChromeDriver\ndriver.get('https://www.example.com')"
"Select the checkbox with id 'newsletter' in Chrome,driver.find_element_by_id('newsletter').click()"
"Open Firefox browser and navigate to 'https://www.example.com',GeckoDriver\ndriver.get('https://www.example.com')"
"Clear the input field with id 'search' in Firefox,driver.find_element_by_id('search').clear()"
"Open Edge browser and navigate to 'https://www.example.com',EdgeDriver\ndriver.get('https://www.example.com')"
"Submit a form with id 'registration' in Edge,driver.find_element_by_id('registration').submit()"
"Open Chrome browser and navigate to 'https://www.example.com',ChromeDriver\ndriver.get('https://www.example.com')"
"Click on an image with alt text 'Logo' in Chrome,driver.find_element_by_css_selector('img[alt=""Logo""]').click()"
"Open Firefox browser and navigate to 'https://www.example.com',GeckoDriver\ndriver.get('https://www.example.com')"
"Scroll to the bottom of the page in Firefox,driver.execute_script('window.scrollTo(0, document.body.scrollHeight)')"
"Open Edge browser and navigate to 'https://www.example.com',EdgeDriver\ndriver.get('https://www.example.com')"
"Navigate back to the previous page in Edge,driver.back()"
"Open Chrome browser and navigate to 'https://www.example.com',ChromeDriver\ndriver.get('https://www.example.com')"
"Right-click an element with id 'context-menu' in Chrome,context_menu_element = driver.find_element_by_id('context-menu')\naction = ActionChains(driver)\naction.context_click(context_menu_element).perform()"
"Open Firefox browser and navigate to 'https://www.example.com',GeckoDriver\ndriver.get('https://www.example.com')"
"Switch to an iframe with name 'iframe_content' in Firefox,iframe = driver.find_element_by_name('iframe_content')\ndriver.switch_to.frame(iframe)"
"Open Edge browser and navigate to 'https://www.example.com',EdgeDriver\ndriver.get('https://www.example.com')"
"Switch back to the main content from an iframe in Edge,driver.switch_to.default_content()"

"Open Chrome browser and navigate to 'https://www.example.com',ChromeDriver\ndriver.get('https://www.example.com')"
"Click the element with id 'submit' using Chrome,driver.find_element_by_id('submit').click()"
"Fill in the 'first_name' field with 'John' in Chrome,driver.find_element_by_name('first_name').send_keys('John')"
"Open Firefox browser and navigate to 'https://www.example.com',GeckoDriver\ndriver.get('https://www.example.com')"
"Scroll down by 250 pixels in Firefox,driver.execute_script('window.scrollBy(0, 250)')"
"Open Edge browser and navigate to 'https://www.example.com',EdgeDriver\ndriver.get('https://www.example.com')"
"Click the link with href containing 'privacy' in Edge,privacy_link = driver.find_element_by_css_selector(""a[href*='privacy']"")\nprivacy_link.click()"
"Open Chrome browser and navigate to 'https://www.example.com',ChromeDriver\ndriver.get('https://www.example.com')"
"Switch to a new tab in Chrome,driver.execute_script(""window.open('', '_blank');"")\ndriver.switch_to.window(driver.window_handles[-1])"
"Open Firefox browser and navigate to 'https://www.example.com',GeckoDriver\ndriver.get('https://www.example.com')"
"Switch back to the main tab in Firefox,driver.switch_to.window(driver.window_handles[0])"
"Open Edge browser and navigate to 'https://www.example.com',EdgeDriver\ndriver.get('https://www.example.com')"
"Take a screenshot of the current page in Edge,driver.save_screenshot('edge_screenshot.png')"
"Open Chrome browser and navigate to 'https://www.example.com',ChromeDriver\ndriver.get('https://www.example.com')"
"Double-click an element with id 'double-clickable' in Chrome,double_click_element = driver.find_element_by_id('double-clickable')\naction = ActionChains(driver)\naction.double_click(double_click_element).perform()"
"Open Firefox browser and navigate to 'https://www.example.com',GeckoDriver\ndriver.get('https://www.example.com')"
"Execute JavaScript: Change background color to blue in Firefox,driver.execute_script(""document.body.style.backgroundColor = 'blue';"")"
"Open Edge browser and navigate to 'https://www.example.com',EdgeDriver\ndriver.get('https://www.example.com')"
"Wait for up to 10 seconds for an element with class 'loading' to disappear in Edge,WebDriverWait(driver, 10).until_not(EC.presence_of_element_located((By.CLASS_NAME, 'loading')))"
"Open Chrome browser and navigate to 'https://www.example.com',ChromeDriver\ndriver.get('https://www.example.com')"
"Switch to an iframe with id 'iframe_content' in Chrome,iframe = driver.find_element_by_id('iframe_content')\ndriver.switch_to.frame(iframe)"
"Open Firefox browser and navigate to 'https://www.example.com',GeckoDriver\ndriver.get('https://www.example.com')"
"Resize the browser window to dimensions 800x600 in Firefox,driver.set_window_size(800, 600)"
"Open Edge browser and navigate to 'https://www.example.com',EdgeDriver\ndriver.get('https://www.example.com')"
"Close the browser tab and switch back to the previous tab in Edge,driver.close()\ndriver.switch_to.window(driver.window_handles[-1])"

"Open Firefox browser and navigate to 'https://www.example.com',GeckoDriver\ndriver.get('https://www.example.com')"
"Click the link with partial text 'About' using Firefox,driver.find_element_by_partial_link_text('About').click()"
"Fill in the 'address' field with '123 Main St' in Firefox,driver.find_element_by_name('address').send_keys('123 Main St')"
"Open Edge browser and navigate to 'https://www.example.com',EdgeDriver\ndriver.get('https://www.example.com')"
"Scroll to the element with class 'footer' in Edge,footer_element = driver.find_element_by_class_name('footer')\ndriver.execute_script(""arguments[0].scrollIntoView();"", footer_element)"
"Open Chrome browser and navigate to 'https://www.example.com',ChromeDriver\ndriver.get('https://www.example.com')"
"Switch to a new tab and navigate to 'https://www.google.com' in Chrome,driver.execute_script(""window.open('https://www.google.com', '_blank');"")\ndriver.switch_to.window(driver.window_handles[-1])"
"Open Firefox browser and navigate to 'https://www.example.com',GeckoDriver\ndriver.get('https://www.example.com')"
"Switch back to the main tab in Firefox,driver.switch_to.window(driver.window_handles[0])"
"Open Edge browser and navigate to 'https://www.example.com',EdgeDriver\ndriver.get('https://www.example.com')"
"Take a screenshot of the current page in Edge,driver.save_screenshot('edge_screenshot.png')"
"Open Chrome browser and navigate to 'https://www.example.com',ChromeDriver\ndriver.get('https://www.example.com')"
"Submit a form with id 'contactForm' in Chrome,contact_form = driver.find_element_by_id('contactForm')\ncontact_form.submit()"
"Open Firefox browser and navigate to 'https://www.example.com',GeckoDriver\ndriver.get('https://www.example.com')"
"Clear the input field with id 'search' in Firefox,driver.find_element_by_id('search').clear()"
"Open Edge browser and navigate to 'https://www.example.com',EdgeDriver\ndriver.get('https://www.example.com')"
"Click the element with class 'menu-item' in Edge,menu_item = driver.find_element_by_class_name('menu-item')\nmenu_item.click()"
"Open Chrome browser and navigate to 'https://www.example.com',ChromeDriver\ndriver.get('https://www.example.com')"
"Maximize the browser window in Chrome,driver.maximize_window()"
"Open Firefox browser and navigate to 'https://www.example.com',GeckoDriver\ndriver.get('https://www.example.com')"
"Switch to an iframe with id 'iframe_content' in Firefox,iframe = driver.find_element_by_id('iframe_content')\ndriver.switch_to.frame(iframe)"
"Open Edge browser and navigate to 'https://www.example.com',EdgeDriver\ndriver.get('https://www.example.com')"
"Execute JavaScript: Change font color to green in Edge,driver.execute_script(""document.body.style.color = 'green';"")"
"Open Chrome browser and navigate to 'https://www.example.com',ChromeDriver\ndriver.get('https://www.example.com')"
"Right-click an element with id 'context-menu' in Chrome,context_menu_element = driver.find_element_by_id('context-menu')\naction = ActionChains(driver)\naction.context_click(context_menu_element).perform()"
"Open Firefox browser and navigate to 'https://www.example.com',GeckoDriver\ndriver.get('https://www.example.com')"
"Drag and drop an element from source to target in Firefox,source_element = driver.find_element_by_id('source')\ntarget_element = driver.find_element_by_id('target')\naction = ActionChains(driver)\naction.drag_and_drop(source_element, target_element).perform()"
"Open Edge browser and navigate to 'https://www.example.com',EdgeDriver\ndriver.get('https://www.example.com')"
"Scroll to an element with id 'testimonial' using smooth scrolling in Edge,testimonial_element = driver.find_element_by_id('testimonial')\ndriver.execute_script(""arguments[0].scrollIntoView({ behavior: 'smooth' });"", testimonial_element)"
"Open Chrome browser and navigate to 'https://www.example.com',ChromeDriver\ndriver.get('https://www.example.com')"
"Switch to the last tab in Chrome,driver.switch_to.window(driver.window_handles[-1])"
"Open Firefox browser and navigate to 'https://www.example.com',GeckoDriver\ndriver.get('https://www.example.com')"
"Close the Firefox browser,driver.quit()"
"Open Edge browser and navigate to 'https://www.example.com',EdgeDriver\ndriver.get('https://www.example.com')"
"Navigate forward to the next page in Edge,driver.forward()"
"Open Chrome browser and navigate to 'https://www.example.com',ChromeDriver\ndriver.get('https://www.example.com')"
"Check the checkbox with name 'subscribe' in Chrome,driver.find_element_by_name('subscribe').click()"
"Open Firefox browser and navigate to 'https://www.example.com',GeckoDriver\ndriver.get('https://www.example.com')"
"Execute JavaScript: Scroll to the top of the page in Firefox,driver.execute_script('window.scrollTo(0, 0)')"

"Open Firefox browser and navigate to 'https://www.example.com',GeckoDriver\ndriver.get('https://www.example.com')"
"Click on a button with class 'cta' using Firefox,driver.find_element_by_css_selector('.cta').click()"
"Fill in the 'zipcode' field with '12345' using Firefox,driver.find_element_by_name('zipcode').send_keys('12345')"
"Open Edge browser and navigate to 'https://www.example.com',EdgeDriver\ndriver.get('https://www.example.com')"
"Scroll to the element with id 'services' in Edge,services_element = driver.find_element_by_id('services')\ndriver.execute_script(""arguments[0].scrollIntoView();"", services_element)"
"Open Chrome browser and navigate to 'https://www.example.com',ChromeDriver\ndriver.get('https://www.example.com')"
"Switch to a new tab and navigate to 'https://www.bing.com' in Chrome,driver.execute_script(""window.open('https://www.bing.com', '_blank');"")\ndriver.switch_to.window(driver.window_handles[-1])"
"Open Firefox browser and navigate to 'https://www.example.com',GeckoDriver\ndriver.get('https://www.example.com')"
"Switch back to the main tab in Firefox,driver.switch_to.window(driver.window_handles[0])"
"Open Edge browser and navigate to 'https://www.example.com',EdgeDriver\ndriver.get('https://www.example.com')"
"Take a screenshot of the current page in Edge,driver.save_screenshot('edge_screenshot.png')"
"Open Chrome browser and navigate to 'https://www.example.com',ChromeDriver\ndriver.get('https://www.example.com')"
"Submit a form with class 'registration' in Chrome,registration_form = driver.find_element_by_class_name('registration')\nregistration_form.submit()"
"Open Firefox browser and navigate to 'https://www.example.com',GeckoDriver\ndriver.get('https://www.example.com')"
"Clear the input field with id 'search' in Firefox,driver.find_element_by_id('search').clear()"
"Open Edge browser and navigate to 'https://www.example.com',EdgeDriver\ndriver.get('https://www.example.com')"
"Click the element with class 'menu-link' in Edge,menu_link = driver.find_element_by_class_name('menu-link')\nmenu_link.click()"
"Open Chrome browser and navigate to 'https://www.example.com',ChromeDriver\ndriver.get('https://www.example.com')"
"Maximize the browser window in Chrome,driver.maximize_window()"
"Open Firefox browser and navigate to 'https://www.example.com',GeckoDriver\ndriver.get('https://www.example.com')"
"Switch to an iframe with name 'iframe_content' in Firefox,iframe = driver.find_element_by_name('iframe_content')\ndriver.switch_to.frame(iframe)"
"Open Edge browser and navigate to 'https://www.example.com',EdgeDriver\ndriver.get('https://www.example.com')"
"Execute JavaScript: Change font color to red in Edge,driver.execute_script(""document.body.style.color = 'red';"")"
"Open Chrome browser and navigate to 'https://www.example.com',ChromeDriver\ndriver.get('https://www.example.com')"
"Right-click an element with id 'context-menu' in Chrome,context_menu_element = driver.find_element_by_id('context-menu')\naction = ActionChains(driver)\naction.context_click(context_menu_element).perform()"
"Open Firefox browser and navigate to 'https://www.example.com',GeckoDriver\ndriver.get('https://www.example.com')"
"Drag and drop an element from source to target in Firefox,source_element = driver.find_element_by_id('source')\ntarget_element = driver.find_element_by_id('target')\naction = ActionChains(driver)\naction.drag_and_drop(source_element, target_element).perform()"
"Open Edge browser and navigate to 'https://www.example.com',EdgeDriver\ndriver.get('https://www.example.com')"
"Scroll to an element with id 'testimonial' using smooth scrolling in Edge,testimonial_element = driver.find_element_by_id('testimonial')\ndriver.execute_script(""arguments[0].scrollIntoView({ behavior: 'smooth' });"", testimonial_element)"
"Open Chrome browser and navigate to 'https://www.example.com',ChromeDriver\ndriver.get('https://www.example.com')"
"Switch to the last tab in Chrome,driver.switch_to.window(driver.window_handles[-1])"
"Open Firefox browser and navigate to 'https://www.example.com',GeckoDriver\ndriver.get('https://www.example.com')"
"Close the Firefox browser tab,driver.close()"
"Open Edge browser and navigate to 'https://www.example.com',EdgeDriver\ndriver.get('https://www.example.com')"
"Navigate forward to the next page in Edge,driver.forward()"
"Open Chrome browser and navigate to 'https://www.example.com',ChromeDriver\ndriver.get('https://www.example.com')"
"Check the checkbox with name 'subscribe' in Chrome,driver.find_element_by_name('subscribe').click()"
"Open Firefox browser and navigate to 'https://www.example.com',GeckoDriver\ndriver.get('https://www.example.com')"
"Execute JavaScript: Scroll to the top of the page in Firefox,driver.execute_script('window.scrollTo(0, 0)')"

"Open Edge browser and navigate to 'https://www.example.com',EdgeDriver\ndriver.get('https://www.example.com')"
"Click on an element with class 'button' in Edge,driver.find_element_by_class_name('button').click()"
"Fill in the 'city' field with 'New York' in Edge,driver.find_element_by_name('city').send_keys('New York')"
"Open Chrome browser and navigate to 'https://www.example.com',ChromeDriver\ndriver.get('https://www.example.com')"
"Scroll to the element with id 'features' in Chrome,features_element = driver.find_element_by_id('features')\ndriver.execute_script(""arguments[0].scrollIntoView();"", features_element)"
"Open Firefox browser and navigate to 'https://www.example.com',GeckoDriver\ndriver.get('https://www.example.com')"
"Switch to a new tab and navigate to 'https://www.youtube.com' in Firefox,driver.execute_script(""window.open('https://www.youtube.com', '_blank');"")\ndriver.switch_to.window(driver.window_handles[-1])"
"Open Edge browser and navigate to 'https://www.example.com',EdgeDriver\ndriver.get('https://www.example.com')"
"Switch back to the main tab in Edge,driver.switch_to.window(driver.window_handles[0])"
"Open Chrome browser and navigate to 'https://www.example.com',ChromeDriver\ndriver.get('https://www.example.com')"
"Take a screenshot of the current page in Chrome,driver.save_screenshot('chrome_screenshot.png')"
"Open Firefox browser and navigate to 'https://www.example.com',GeckoDriver\ndriver.get('https://www.example.com')"
"Submit a form with id 'feedback' in Firefox,feedback_form = driver.find_element_by_id('feedback')\nfeedback_form.submit()"
"Open Edge browser and navigate to 'https://www.example.com',EdgeDriver\ndriver.get('https://www.example.com')"
"Clear the input field with id 'username' in Edge,driver.find_element_by_id('username').clear()"
"Open Chrome browser and navigate to 'https://www.example.com',ChromeDriver\ndriver.get('https://www.example.com')"
"Click the element with class 'menu-item' in Chrome,menu_item = driver.find_element_by_class_name('menu-item')\nmenu_item.click()"
"Open Firefox browser and navigate to 'https://www.example.com',GeckoDriver\ndriver.get('https://www.example.com')"
"Maximize the browser window in Firefox,driver.maximize_window()"
"Open Edge browser and navigate to 'https://www.example.com',EdgeDriver\ndriver.get('https://www.example.com')"
"Switch to an iframe with name 'iframe_content' in Edge,iframe = driver.find_element_by_name('iframe_content')\ndriver.switch_to.frame(iframe)"
"Open Chrome browser and navigate to 'https://www.example.com',ChromeDriver\ndriver.get('https://www.example.com')"
"Execute JavaScript: Change background color to yellow in Chrome,driver.execute_script(""document.body.style.backgroundColor = 'yellow';"")"
"Open Firefox browser and navigate to 'https://www.example.com',GeckoDriver\ndriver.get('https://www.example.com')"
"Right-click an element with id 'context-menu' in Firefox,context_menu_element = driver.find_element_by_id('context-menu')\naction = ActionChains(driver)\naction.context_click(context_menu_element).perform()"
"Open Edge browser and navigate to 'https://www.example.com',EdgeDriver\ndriver.get('https://www.example.com')"
"Drag and drop an element from source to target in Edge,source_element = driver.find_element_by_id('source')\ntarget_element = driver.find_element_by_id('target')\naction = ActionChains(driver)\naction.drag_and_drop(source_element, target_element).perform()"
"Open Chrome browser and navigate to 'https://www.example.com',ChromeDriver\ndriver.get('https://www.example.com')"
"Scroll to an element with id 'testimonial' using smooth scrolling in Chrome,testimonial_element = driver.find_element_by_id('testimonial')\ndriver.execute_script(""arguments[0].scrollIntoView({ behavior: 'smooth' });"", testimonial_element)"
"Open Firefox browser and navigate to 'https://www.example.com',GeckoDriver\ndriver.get('https://www.example.com')"
"Switch to the last tab in Firefox,driver.switch_to.window(driver.window_handles[-1])"
"Open Edge browser and navigate to 'https://www.example.com',EdgeDriver\ndriver.get('https://www.example.com')"
"Close the browser tab and switch back to the previous tab in Edge,driver.close()\ndriver.switch_to.window(driver.window_handles[-1])"
"Open Chrome browser and navigate to 'https://www.example.com',ChromeDriver\ndriver.get('https://www.example.com')"
"Navigate forward to the next page in Chrome,driver.forward()"
"Open Firefox browser and navigate to 'https://www.example.com',GeckoDriver\ndriver.get('https://www.example.com')"
"Check the radio button with value 'female' in Firefox,driver.find_element_by_css_selector('input[value=""female""]').click()"
"Open Edge browser and navigate to 'https://www.example.com',EdgeDriver\ndriver.get('https://www.example.com')"
"Execute JavaScript: Scroll to the bottom of the page in Edge,driver.execute_script('window.scrollTo(0, document.body.scrollHeight)')"
"Open Chrome browser and navigate to 'https://www.example.com',ChromeDriver\ndriver.get('https://www.example.com')"
"Close the Chrome browser,driver.quit"

"Open Chrome browser and navigate to 'https://www.example.com',ChromeDriver\ndriver.get('https://www.example.com')"
"Hover over an element with class 'hoverable' in Chrome,hoverable_element = driver.find_element_by_class_name('hoverable')\naction = ActionChains(driver)\naction.move_to_element(hoverable_element).perform()"
"Fill in the 'search' field with 'Selenium' in Chrome,driver.find_element_by_name('search').send_keys('Selenium')"
"Open Firefox browser and navigate to 'https://www.example.com',GeckoDriver\ndriver.get('https://www.example.com')"
"Click the link with partial text 'Contact' using Firefox,driver.find_element_by_partial_link_text('Contact').click()"
"Open Edge browser and navigate to 'https://www.example.com',EdgeDriver\ndriver.get('https://www.example.com')"
"Switch to a new tab and navigate to 'https://www.amazon.com' in Edge,driver.execute_script(""window.open('https://www.amazon.com', '_blank');"")\ndriver.switch_to.window(driver.window_handles[-1])"
"Open Chrome browser and navigate to 'https://www.example.com',ChromeDriver\ndriver.get('https://www.example.com')"
"Take a screenshot of the current page in Chrome,driver.save_screenshot('chrome_screenshot.png')"
"Open Firefox browser and navigate to 'https://www.example.com',GeckoDriver\ndriver.get('https://www.example.com')"
"Submit a form with id 'newsletterForm' in Firefox,newsletter_form = driver.find_element_by_id('newsletterForm')\nnewsletter_form.submit()"
"Open Edge browser and navigate to 'https://www.example.com',EdgeDriver\ndriver.get('https://www.example.com')"
"Clear the input field with id 'username' in Edge,driver.find_element_by_id('username').clear()"
"Open Chrome browser and navigate to 'https://www.example.com',ChromeDriver\ndriver.get('https://www.example.com')"
"Click the element with class 'menu-link' in Chrome,menu_link = driver.find_element_by_class_name('menu-link')\nmenu_link.click()"
"Open Firefox browser and navigate to 'https://www.example.com',GeckoDriver\ndriver.get('https://www.example.com')"
"Maximize the browser window in Firefox,driver.maximize_window()"
"Open Edge browser and navigate to 'https://www.example.com',EdgeDriver\ndriver.get('https://www.example.com')"
"Switch to an iframe with name 'iframe_content' in Edge,iframe = driver.find_element_by_name('iframe_content')\ndriver.switch_to.frame(iframe)"
"Open Chrome browser and navigate to 'https://www.example.com',ChromeDriver\ndriver.get('https://www.example.com')"
"Execute JavaScript: Change font color to blue in Chrome,driver.execute_script(""document.body.style.color = 'blue';"")"
"Open Firefox browser and navigate to 'https://www.example.com',GeckoDriver\ndriver.get('https://www.example.com')"
"Right-click an element with id 'context-menu' in Firefox,context_menu_element = driver.find_element_by_id('context-menu')\naction = ActionChains(driver)\naction.context_click(context_menu_element).perform()"
"Open Edge browser and navigate to 'https://www.example.com',EdgeDriver\ndriver.get('https://www.example.com')"
"Drag and drop an element from source to target in Edge,source_element = driver.find_element_by_id('source')\ntarget_element = driver.find_element_by_id('target')\naction = ActionChains(driver)\naction.drag_and_drop(source_element, target_element).perform()"
"Open Chrome browser and navigate to 'https://www.example.com',ChromeDriver\ndriver.get('https://www.example.com')"
"Scroll to an element with id 'testimonial' using smooth scrolling in Chrome,testimonial_element = driver.find_element_by_id('testimonial')\ndriver.execute_script(""arguments[0].scrollIntoView({ behavior: 'smooth' });"", testimonial_element)"
"Open Firefox browser and navigate to 'https://www.example.com',GeckoDriver\ndriver.get('https://www.example.com')"
"Switch to the last tab in Firefox,driver.switch_to.window(driver.window_handles[-1])"
"Open Edge browser and navigate to 'https://www.example.com',EdgeDriver\ndriver.get('https://www.example.com')"
"Close the browser tab and switch back to the previous tab in Edge,driver.close()\ndriver.switch_to.window(driver.window_handles[-1])"
"Open Chrome browser and navigate to 'https://www.example.com',ChromeDriver\ndriver.get('https://www.example.com')"
"Navigate forward to the next page in Chrome,driver.forward()"
"Open Firefox browser and navigate to 'https://www.example.com',GeckoDriver\ndriver.get('https://www.example.com')"
"Check the radio button with value 'male' in Firefox,driver.find_element_by_css_selector('input[value=""male""]').click()"
"Open Edge browser and navigate to 'https://www.example.com',EdgeDriver\ndriver.get('https://www.example.com')"
"Execute JavaScript: Scroll to the bottom of the page in Edge,driver.execute_script('window.scrollTo(0, document.body.scrollHeight)')"
"Open Chrome browser and navigate to 'https://www.example.com',ChromeDriver\ndriver.get('https://www.example.com')"
"Close the Chrome browser,driver.quit()"
"Open Firefox browser and navigate to 'https://www.example.com',GeckoDriver\ndriver.get('https"